/*
SQLyog Community Edition- MySQL GUI v6.07
Host - 5.6.21 : Database - onlinecollection
*********************************************************************
Server version : 5.6.21
*/

/*!40101 SET NAMES utf8 */;

/*!40101 SET SQL_MODE=''*/;

create database if not exists `onlinecollection`;

USE `onlinecollection`;

/*!40014 SET @OLD_FOREIGN_KEY_CHECKS=@@FOREIGN_KEY_CHECKS, FOREIGN_KEY_CHECKS=0 */;
/*!40101 SET @OLD_SQL_MODE=@@SQL_MODE, SQL_MODE='NO_AUTO_VALUE_ON_ZERO' */;

/*Table structure for table `clouds_fashions` */

DROP TABLE IF EXISTS `clouds_fashions`;

CREATE TABLE `clouds_fashions` (
  `picname` varchar(500) NOT NULL DEFAULT '',
  `desname` varchar(40) DEFAULT NULL,
  `date` varchar(20) DEFAULT NULL,
  `rating` int(2) DEFAULT NULL,
  PRIMARY KEY (`picname`)
) ENGINE=InnoDB DEFAULT CHARSET=latin1;

/*Data for the table `clouds_fashions` */

insert  into `clouds_fashions`(`picname`,`desname`,`date`,`rating`) values ('0627_B99.jpg','bhanu','2015-07-16',5),('4c2d603613cb3975bf40722bc881faab.jpg','bhanu','2015-07-16',3),('9fa85d49070e73a5322ea180b44004f4.jpg','bhanu','2015-07-16',2),('best-casual-wear-for-men.jpg','Ravitej','2015-07-16',3),('Men fashion style suit.jpg','swamy','2015-07-16',0),('men__s_fashion__1___iv_by_alexander_frank-d4qe3sa.jpg','swamy','2015-07-16',4),('range-men-formal.jpg','Ravitej','2015-07-16',4),('spring-summer-fashion-for-men.jpg','bhanu','2015-07-16',4);

/*Table structure for table `consults` */

DROP TABLE IF EXISTS `consults`;

CREATE TABLE `consults` (
  `consult_name` varchar(100) NOT NULL,
  `email` varchar(100) NOT NULL,
  `mno` varchar(10) NOT NULL,
  `addr` varchar(1000) NOT NULL,
  PRIMARY KEY (`consult_name`,`email`,`mno`)
) ENGINE=InnoDB DEFAULT CHARSET=latin1;

/*Data for the table `consults` */

insert  into `consults`(`consult_name`,`email`,`mno`,`addr`) values ('clouds fashions','cloud@gmail.com','9638527410','hyderabad'),('Durga fashions','durga@gmail.com','7410852963','hyderabad'),('koti','koti@gmail.com','7418529630','hyderabad'),('satya','satya@gmail.com','9637418520','hyderabad'),('sivani fashions','sivani@gmail.com','8528528520','hyderabad'),('Titans Fashio','titan@gmail.com','7417417410','hyderabad');

/*Table structure for table `descollection` */

DROP TABLE IF EXISTS `descollection`;

CREATE TABLE `descollection` (
  `desid` varchar(10) NOT NULL,
  `desname` varchar(30) NOT NULL,
  `date` varchar(20) NOT NULL,
  `caption` varchar(1000) NOT NULL,
  `pics` varchar(500) NOT NULL,
  `ranking` int(2) NOT NULL,
  PRIMARY KEY (`pics`)
) ENGINE=InnoDB DEFAULT CHARSET=latin1;

/*Data for the table `descollection` */

insert  into `descollection`(`desid`,`desname`,`date`,`caption`,`pics`,`ranking`) values ('user1100','bhanu','2015-07-16','mens formal','0627_B99.jpg',0),('user1100','bhanu','2015-07-15','mens formal','091409124758Gallery-Ashish-soni-Ramesh-.jpg',0),('user1100','bhanu','2015-07-16','mens formal','4c2d603613cb3975bf40722bc881faab.jpg',0),('user1100','bhanu','2015-07-14','mens formal','82.jpg',0),('user1100','bhanu','2015-07-16','mens formal','9fa85d49070e73a5322ea180b44004f4.jpg',0),('user1101','Ravitej','2015-07-15','mens formal','ArrowNewYorkMenNavyStripedSlimFitSemiFormalShirt2d6049b999a329e6bc93471eefab5d86images10801440mini_1395729318.jpg',0),('user1101','Ravitej','2015-07-16','mens formal','best-casual-wear-for-men.jpg',0),('user1101','Ravitej','2015-07-14','mens formal','black_striped_mens_formal_shirt.jpg',0),('user1102','swamy','2015-07-16','mens fashiion','Men fashion style suit.jpg',0),('user1102','swamy','2015-07-16','mens fashiion','men__s_fashion__1___iv_by_alexander_frank-d4qe3sa.jpg',0),('user1101','Ravitej','2015-07-16','mens formal','range-men-formal.jpg',0),('user1100','bhanu','2015-07-16','mens formal','spring-summer-fashion-for-men.jpg',0);

/*Table structure for table `designers` */

DROP TABLE IF EXISTS `designers`;

CREATE TABLE `designers` (
  `designerid` varchar(10) NOT NULL,
  `name` varchar(30) NOT NULL,
  `l_name` varchar(30) NOT NULL,
  `password` varchar(20) NOT NULL,
  `emailid` varchar(100) NOT NULL,
  `dateofbirth` varchar(30) NOT NULL,
  `gender` varchar(10) NOT NULL,
  `edu_qualifi` varchar(20) NOT NULL,
  `mno` varchar(10) NOT NULL,
  `addr` varchar(1000) NOT NULL,
  `pics` varchar(200) NOT NULL,
  PRIMARY KEY (`designerid`)
) ENGINE=InnoDB DEFAULT CHARSET=latin1;

/*Data for the table `designers` */

insert  into `designers`(`designerid`,`name`,`l_name`,`password`,`emailid`,`dateofbirth`,`gender`,`edu_qualifi`,`mno`,`addr`,`pics`) values ('user1100','bhanu','k','963852','bhanutej4u@gmail.com','1989-08-26','male','graduate','9638520741','hyderabad\r\n','fashion-designer-jil-sander.jpg'),('user1101','Ravitej','k','741852','ravitej@gmail.com','1989-02-06','male','graduate','8985025070','hyderabad','images.jpg'),('user1102','swamy','an','963852','swamy@gmail.com','1989-02-06','male','graduate','9638527466','hyderabad','Portrait-Manish-Arora.jpg');

/*Table structure for table `durga_fashions` */

DROP TABLE IF EXISTS `durga_fashions`;

CREATE TABLE `durga_fashions` (
  `picname` varchar(4000) DEFAULT NULL,
  `desname` varchar(40) DEFAULT NULL,
  `date` varchar(20) DEFAULT NULL,
  `rating` int(2) DEFAULT NULL
) ENGINE=InnoDB DEFAULT CHARSET=latin1;

/*Data for the table `durga_fashions` */

insert  into `durga_fashions`(`picname`,`desname`,`date`,`rating`) values ('0627_B99.jpg','bhanu','2015-07-16',4),('4c2d603613cb3975bf40722bc881faab.jpg','bhanu','2015-07-16',3),('9fa85d49070e73a5322ea180b44004f4.jpg','bhanu','2015-07-16',5),('spring-summer-fashion-for-men.jpg','bhanu','2015-07-16',5),('best-casual-wear-for-men.jpg','Ravitej','2015-07-16',4),('range-men-formal.jpg','Ravitej','2015-07-16',4),('Men fashion style suit.jpg','swamy','2015-07-16',5),('men__s_fashion__1___iv_by_alexander_frank-d4qe3sa.jpg','swamy','2015-07-16',5);

/*Table structure for table `koti` */

DROP TABLE IF EXISTS `koti`;

CREATE TABLE `koti` (
  `picname` varchar(500) NOT NULL DEFAULT '',
  `desname` varchar(40) DEFAULT NULL,
  `date` varchar(20) DEFAULT NULL,
  `rating` int(2) DEFAULT NULL,
  PRIMARY KEY (`picname`)
) ENGINE=InnoDB DEFAULT CHARSET=latin1;

/*Data for the table `koti` */

insert  into `koti`(`picname`,`desname`,`date`,`rating`) values ('0627_B99.jpg','bhanu','2015-07-16',3),('4c2d603613cb3975bf40722bc881faab.jpg','bhanu','2015-07-16',4),('9fa85d49070e73a5322ea180b44004f4.jpg','bhanu','2015-07-16',5),('best-casual-wear-for-men.jpg','Ravitej','2015-07-16',4),('Men fashion style suit.jpg','swamy','2015-07-16',4),('men__s_fashion__1___iv_by_alexander_frank-d4qe3sa.jpg','swamy','2015-07-16',5),('range-men-formal.jpg','Ravitej','2015-07-16',5),('spring-summer-fashion-for-men.jpg','bhanu','2015-07-16',4);

/*Table structure for table `ranks` */

DROP TABLE IF EXISTS `ranks`;

CREATE TABLE `ranks` (
  `picname` varchar(500) NOT NULL,
  `consults` varchar(100) NOT NULL,
  `date` varchar(20) NOT NULL,
  `rank` varchar(3) NOT NULL
) ENGINE=InnoDB DEFAULT CHARSET=latin1;

/*Data for the table `ranks` */

insert  into `ranks`(`picname`,`consults`,`date`,`rank`) values ('0627_B99.jpg','clouds_fashions','2015-07-16','5'),('4c2d603613cb3975bf40722bc881faab.jpg','clouds_fashions','2015-07-16','3'),('9fa85d49070e73a5322ea180b44004f4.jpg','clouds_fashions','2015-07-16','2'),('best-casual-wear-for-men.jpg','clouds_fashions','2015-07-16','3'),('0627_B99.jpg','koti','2015-07-16','3'),('4c2d603613cb3975bf40722bc881faab.jpg','koti','2015-07-16','4'),('9fa85d49070e73a5322ea180b44004f4.jpg','koti','2015-07-16','5'),('best-casual-wear-for-men.jpg','koti','2015-07-16','4'),('0627_B99.jpg','satya','2015-07-16','5'),('4c2d603613cb3975bf40722bc881faab.jpg','satya','2015-07-16','3'),('9fa85d49070e73a5322ea180b44004f4.jpg','satya','2015-07-16','5'),('best-casual-wear-for-men.jpg','satya','2015-07-16','3'),('0627_B99.jpg','clouds_fashions','2015-07-16','5'),('4c2d603613cb3975bf40722bc881faab.jpg','clouds_fashions','2015-07-16','3'),('9fa85d49070e73a5322ea180b44004f4.jpg','clouds_fashions','2015-07-16','2'),('best-casual-wear-for-men.jpg','clouds_fashions','2015-07-16','3'),('spring-summer-fashion-for-men.jpg','clouds_fashions','2015-07-16','4'),('0627_B99.jpg','koti','2015-07-16','3'),('4c2d603613cb3975bf40722bc881faab.jpg','koti','2015-07-16','4'),('9fa85d49070e73a5322ea180b44004f4.jpg','koti','2015-07-16','5'),('best-casual-wear-for-men.jpg','koti','2015-07-16','4'),('spring-summer-fashion-for-men.jpg','koti','2015-07-16','4'),('0627_B99.jpg','satya','2015-07-16','5'),('4c2d603613cb3975bf40722bc881faab.jpg','satya','2015-07-16','3'),('9fa85d49070e73a5322ea180b44004f4.jpg','satya','2015-07-16','5'),('best-casual-wear-for-men.jpg','satya','2015-07-16','3'),('spring-summer-fashion-for-men.jpg','satya','2015-07-16','4'),('0627_B99.jpg','clouds_fashions','2015-07-16','5'),('4c2d603613cb3975bf40722bc881faab.jpg','clouds_fashions','2015-07-16','3'),('9fa85d49070e73a5322ea180b44004f4.jpg','clouds_fashions','2015-07-16','2'),('best-casual-wear-for-men.jpg','clouds_fashions','2015-07-16','3'),('spring-summer-fashion-for-men.jpg','clouds_fashions','2015-07-16','4'),('0627_B99.jpg','koti','2015-07-16','3'),('4c2d603613cb3975bf40722bc881faab.jpg','koti','2015-07-16','4'),('9fa85d49070e73a5322ea180b44004f4.jpg','koti','2015-07-16','5'),('best-casual-wear-for-men.jpg','koti','2015-07-16','4'),('spring-summer-fashion-for-men.jpg','koti','2015-07-16','4'),('0627_B99.jpg','satya','2015-07-16','5'),('4c2d603613cb3975bf40722bc881faab.jpg','satya','2015-07-16','3'),('9fa85d49070e73a5322ea180b44004f4.jpg','satya','2015-07-16','5'),('best-casual-wear-for-men.jpg','satya','2015-07-16','3'),('spring-summer-fashion-for-men.jpg','satya','2015-07-16','4'),('0627_B99.jpg','clouds_fashions','2015-07-16','5'),('4c2d603613cb3975bf40722bc881faab.jpg','clouds_fashions','2015-07-16','3'),('9fa85d49070e73a5322ea180b44004f4.jpg','clouds_fashions','2015-07-16','2'),('best-casual-wear-for-men.jpg','clouds_fashions','2015-07-16','3'),('range-men-formal.jpg','clouds_fashions','2015-07-16','4'),('spring-summer-fashion-for-men.jpg','clouds_fashions','2015-07-16','4'),('0627_B99.jpg','koti','2015-07-16','3'),('4c2d603613cb3975bf40722bc881faab.jpg','koti','2015-07-16','4'),('9fa85d49070e73a5322ea180b44004f4.jpg','koti','2015-07-16','5'),('best-casual-wear-for-men.jpg','koti','2015-07-16','4'),('spring-summer-fashion-for-men.jpg','koti','2015-07-16','4'),('0627_B99.jpg','satya','2015-07-16','5'),('4c2d603613cb3975bf40722bc881faab.jpg','satya','2015-07-16','3'),('9fa85d49070e73a5322ea180b44004f4.jpg','satya','2015-07-16','5'),('best-casual-wear-for-men.jpg','satya','2015-07-16','3'),('range-men-formal.jpg','satya','2015-07-16','5'),('spring-summer-fashion-for-men.jpg','satya','2015-07-16','4'),('0627_B99.jpg','clouds_fashions','2015-07-16','5'),('4c2d603613cb3975bf40722bc881faab.jpg','clouds_fashions','2015-07-16','3'),('9fa85d49070e73a5322ea180b44004f4.jpg','clouds_fashions','2015-07-16','2'),('best-casual-wear-for-men.jpg','clouds_fashions','2015-07-16','3'),('range-men-formal.jpg','clouds_fashions','2015-07-16','4'),('spring-summer-fashion-for-men.jpg','clouds_fashions','2015-07-16','4'),('0627_B99.jpg','koti','2015-07-16','3'),('4c2d603613cb3975bf40722bc881faab.jpg','koti','2015-07-16','4'),('9fa85d49070e73a5322ea180b44004f4.jpg','koti','2015-07-16','5'),('best-casual-wear-for-men.jpg','koti','2015-07-16','4'),('spring-summer-fashion-for-men.jpg','koti','2015-07-16','4'),('0627_B99.jpg','satya','2015-07-16','5'),('4c2d603613cb3975bf40722bc881faab.jpg','satya','2015-07-16','3'),('9fa85d49070e73a5322ea180b44004f4.jpg','satya','2015-07-16','5'),('best-casual-wear-for-men.jpg','satya','2015-07-16','3'),('range-men-formal.jpg','satya','2015-07-16','5'),('spring-summer-fashion-for-men.jpg','satya','2015-07-16','4'),('0627_B99.jpg','clouds_fashions','2015-07-16','5'),('4c2d603613cb3975bf40722bc881faab.jpg','clouds_fashions','2015-07-16','3'),('9fa85d49070e73a5322ea180b44004f4.jpg','clouds_fashions','2015-07-16','2'),('best-casual-wear-for-men.jpg','clouds_fashions','2015-07-16','3'),('range-men-formal.jpg','clouds_fashions','2015-07-16','4'),('spring-summer-fashion-for-men.jpg','clouds_fashions','2015-07-16','4'),('0627_B99.jpg','koti','2015-07-16','3'),('4c2d603613cb3975bf40722bc881faab.jpg','koti','2015-07-16','4'),('9fa85d49070e73a5322ea180b44004f4.jpg','koti','2015-07-16','5'),('best-casual-wear-for-men.jpg','koti','2015-07-16','4'),('spring-summer-fashion-for-men.jpg','koti','2015-07-16','4'),('0627_B99.jpg','satya','2015-07-16','5'),('4c2d603613cb3975bf40722bc881faab.jpg','satya','2015-07-16','3'),('9fa85d49070e73a5322ea180b44004f4.jpg','satya','2015-07-16','5'),('best-casual-wear-for-men.jpg','satya','2015-07-16','3'),('range-men-formal.jpg','satya','2015-07-16','5'),('spring-summer-fashion-for-men.jpg','satya','2015-07-16','4'),('0627_B99.jpg','clouds_fashions','2015-07-16','5'),('4c2d603613cb3975bf40722bc881faab.jpg','clouds_fashions','2015-07-16','3'),('9fa85d49070e73a5322ea180b44004f4.jpg','clouds_fashions','2015-07-16','2'),('best-casual-wear-for-men.jpg','clouds_fashions','2015-07-16','3'),('range-men-formal.jpg','clouds_fashions','2015-07-16','4'),('spring-summer-fashion-for-men.jpg','clouds_fashions','2015-07-16','4'),('0627_B99.jpg','koti','2015-07-16','3'),('4c2d603613cb3975bf40722bc881faab.jpg','koti','2015-07-16','4'),('9fa85d49070e73a5322ea180b44004f4.jpg','koti','2015-07-16','5'),('best-casual-wear-for-men.jpg','koti','2015-07-16','4'),('spring-summer-fashion-for-men.jpg','koti','2015-07-16','4'),('0627_B99.jpg','satya','2015-07-16','5'),('4c2d603613cb3975bf40722bc881faab.jpg','satya','2015-07-16','3'),('9fa85d49070e73a5322ea180b44004f4.jpg','satya','2015-07-16','5'),('best-casual-wear-for-men.jpg','satya','2015-07-16','3'),('range-men-formal.jpg','satya','2015-07-16','5'),('spring-summer-fashion-for-men.jpg','satya','2015-07-16','4'),('0627_B99.jpg','clouds_fashions','2015-07-16','5'),('4c2d603613cb3975bf40722bc881faab.jpg','clouds_fashions','2015-07-16','3'),('9fa85d49070e73a5322ea180b44004f4.jpg','clouds_fashions','2015-07-16','2'),('best-casual-wear-for-men.jpg','clouds_fashions','2015-07-16','3'),('range-men-formal.jpg','clouds_fashions','2015-07-16','4'),('spring-summer-fashion-for-men.jpg','clouds_fashions','2015-07-16','4'),('0627_B99.jpg','koti','2015-07-16','3'),('4c2d603613cb3975bf40722bc881faab.jpg','koti','2015-07-16','4'),('9fa85d49070e73a5322ea180b44004f4.jpg','koti','2015-07-16','5'),('best-casual-wear-for-men.jpg','koti','2015-07-16','4'),('spring-summer-fashion-for-men.jpg','koti','2015-07-16','4'),('0627_B99.jpg','satya','2015-07-16','5'),('4c2d603613cb3975bf40722bc881faab.jpg','satya','2015-07-16','3'),('9fa85d49070e73a5322ea180b44004f4.jpg','satya','2015-07-16','5'),('best-casual-wear-for-men.jpg','satya','2015-07-16','3'),('range-men-formal.jpg','satya','2015-07-16','5'),('spring-summer-fashion-for-men.jpg','satya','2015-07-16','4'),('0627_B99.jpg','clouds_fashions','2015-07-16','5'),('4c2d603613cb3975bf40722bc881faab.jpg','clouds_fashions','2015-07-16','3'),('9fa85d49070e73a5322ea180b44004f4.jpg','clouds_fashions','2015-07-16','2'),('best-casual-wear-for-men.jpg','clouds_fashions','2015-07-16','3'),('range-men-formal.jpg','clouds_fashions','2015-07-16','4'),('spring-summer-fashion-for-men.jpg','clouds_fashions','2015-07-16','4'),('0627_B99.jpg','koti','2015-07-16','3'),('4c2d603613cb3975bf40722bc881faab.jpg','koti','2015-07-16','4'),('9fa85d49070e73a5322ea180b44004f4.jpg','koti','2015-07-16','5'),('best-casual-wear-for-men.jpg','koti','2015-07-16','4'),('spring-summer-fashion-for-men.jpg','koti','2015-07-16','4'),('0627_B99.jpg','satya','2015-07-16','5'),('4c2d603613cb3975bf40722bc881faab.jpg','satya','2015-07-16','3'),('9fa85d49070e73a5322ea180b44004f4.jpg','satya','2015-07-16','5'),('best-casual-wear-for-men.jpg','satya','2015-07-16','3'),('range-men-formal.jpg','satya','2015-07-16','5'),('spring-summer-fashion-for-men.jpg','satya','2015-07-16','4'),('0627_B99.jpg','clouds_fashions','2015-07-16','5'),('4c2d603613cb3975bf40722bc881faab.jpg','clouds_fashions','2015-07-16','3'),('9fa85d49070e73a5322ea180b44004f4.jpg','clouds_fashions','2015-07-16','2'),('best-casual-wear-for-men.jpg','clouds_fashions','2015-07-16','3'),('range-men-formal.jpg','clouds_fashions','2015-07-16','4'),('spring-summer-fashion-for-men.jpg','clouds_fashions','2015-07-16','4'),('0627_B99.jpg','Durga_fashions','2015-07-16','4'),('4c2d603613cb3975bf40722bc881faab.jpg','Durga_fashions','2015-07-16','3'),('9fa85d49070e73a5322ea180b44004f4.jpg','Durga_fashions','2015-07-16','5'),('spring-summer-fashion-for-men.jpg','Durga_fashions','2015-07-16','5'),('best-casual-wear-for-men.jpg','Durga_fashions','2015-07-16','4'),('range-men-formal.jpg','Durga_fashions','2015-07-16','4'),('0627_B99.jpg','koti','2015-07-16','3'),('4c2d603613cb3975bf40722bc881faab.jpg','koti','2015-07-16','4'),('9fa85d49070e73a5322ea180b44004f4.jpg','koti','2015-07-16','5'),('best-casual-wear-for-men.jpg','koti','2015-07-16','4'),('spring-summer-fashion-for-men.jpg','koti','2015-07-16','4'),('0627_B99.jpg','satya','2015-07-16','5'),('4c2d603613cb3975bf40722bc881faab.jpg','satya','2015-07-16','3'),('9fa85d49070e73a5322ea180b44004f4.jpg','satya','2015-07-16','5'),('best-casual-wear-for-men.jpg','satya','2015-07-16','3'),('range-men-formal.jpg','satya','2015-07-16','5'),('spring-summer-fashion-for-men.jpg','satya','2015-07-16','4'),('0627_B99.jpg','clouds_fashions','2015-07-16','5'),('4c2d603613cb3975bf40722bc881faab.jpg','clouds_fashions','2015-07-16','3'),('9fa85d49070e73a5322ea180b44004f4.jpg','clouds_fashions','2015-07-16','2'),('best-casual-wear-for-men.jpg','clouds_fashions','2015-07-16','3'),('range-men-formal.jpg','clouds_fashions','2015-07-16','4'),('spring-summer-fashion-for-men.jpg','clouds_fashions','2015-07-16','4'),('0627_B99.jpg','koti','2015-07-16','3'),('4c2d603613cb3975bf40722bc881faab.jpg','koti','2015-07-16','4'),('9fa85d49070e73a5322ea180b44004f4.jpg','koti','2015-07-16','5'),('best-casual-wear-for-men.jpg','koti','2015-07-16','4'),('spring-summer-fashion-for-men.jpg','koti','2015-07-16','4'),('0627_B99.jpg','satya','2015-07-16','5'),('4c2d603613cb3975bf40722bc881faab.jpg','satya','2015-07-16','3'),('9fa85d49070e73a5322ea180b44004f4.jpg','satya','2015-07-16','5'),('best-casual-wear-for-men.jpg','satya','2015-07-16','3'),('range-men-formal.jpg','satya','2015-07-16','5'),('spring-summer-fashion-for-men.jpg','satya','2015-07-16','4'),('0627_B99.jpg','clouds_fashions','2015-07-16','5'),('4c2d603613cb3975bf40722bc881faab.jpg','clouds_fashions','2015-07-16','3'),('9fa85d49070e73a5322ea180b44004f4.jpg','clouds_fashions','2015-07-16','2'),('best-casual-wear-for-men.jpg','clouds_fashions','2015-07-16','3'),('range-men-formal.jpg','clouds_fashions','2015-07-16','4'),('spring-summer-fashion-for-men.jpg','clouds_fashions','2015-07-16','4'),('0627_B99.jpg','koti','2015-07-16','3'),('4c2d603613cb3975bf40722bc881faab.jpg','koti','2015-07-16','4'),('9fa85d49070e73a5322ea180b44004f4.jpg','koti','2015-07-16','5'),('best-casual-wear-for-men.jpg','koti','2015-07-16','4'),('spring-summer-fashion-for-men.jpg','koti','2015-07-16','4'),('0627_B99.jpg','satya','2015-07-16','5'),('4c2d603613cb3975bf40722bc881faab.jpg','satya','2015-07-16','3'),('9fa85d49070e73a5322ea180b44004f4.jpg','satya','2015-07-16','5'),('best-casual-wear-for-men.jpg','satya','2015-07-16','3'),('range-men-formal.jpg','satya','2015-07-16','5'),('spring-summer-fashion-for-men.jpg','satya','2015-07-16','4'),('0627_B99.jpg','clouds_fashions','2015-07-16','5'),('4c2d603613cb3975bf40722bc881faab.jpg','clouds_fashions','2015-07-16','3'),('9fa85d49070e73a5322ea180b44004f4.jpg','clouds_fashions','2015-07-16','2'),('best-casual-wear-for-men.jpg','clouds_fashions','2015-07-16','3'),('range-men-formal.jpg','clouds_fashions','2015-07-16','4'),('spring-summer-fashion-for-men.jpg','clouds_fashions','2015-07-16','4'),('0627_B99.jpg','koti','2015-07-16','3'),('4c2d603613cb3975bf40722bc881faab.jpg','koti','2015-07-16','4'),('9fa85d49070e73a5322ea180b44004f4.jpg','koti','2015-07-16','5'),('best-casual-wear-for-men.jpg','koti','2015-07-16','4'),('spring-summer-fashion-for-men.jpg','koti','2015-07-16','4'),('0627_B99.jpg','satya','2015-07-16','5'),('4c2d603613cb3975bf40722bc881faab.jpg','satya','2015-07-16','3'),('9fa85d49070e73a5322ea180b44004f4.jpg','satya','2015-07-16','5'),('best-casual-wear-for-men.jpg','satya','2015-07-16','3'),('range-men-formal.jpg','satya','2015-07-16','5'),('spring-summer-fashion-for-men.jpg','satya','2015-07-16','4'),('0627_B99.jpg','clouds_fashions','2015-07-16','5'),('4c2d603613cb3975bf40722bc881faab.jpg','clouds_fashions','2015-07-16','3'),('9fa85d49070e73a5322ea180b44004f4.jpg','clouds_fashions','2015-07-16','2'),('best-casual-wear-for-men.jpg','clouds_fashions','2015-07-16','3'),('range-men-formal.jpg','clouds_fashions','2015-07-16','4'),('spring-summer-fashion-for-men.jpg','clouds_fashions','2015-07-16','4'),('0627_B99.jpg','Durga_fashions','2015-07-16','4'),('4c2d603613cb3975bf40722bc881faab.jpg','Durga_fashions','2015-07-16','3'),('9fa85d49070e73a5322ea180b44004f4.jpg','Durga_fashions','2015-07-16','5'),('spring-summer-fashion-for-men.jpg','Durga_fashions','2015-07-16','5'),('best-casual-wear-for-men.jpg','Durga_fashions','2015-07-16','4'),('range-men-formal.jpg','Durga_fashions','2015-07-16','4'),('0627_B99.jpg','koti','2015-07-16','3'),('4c2d603613cb3975bf40722bc881faab.jpg','koti','2015-07-16','4'),('9fa85d49070e73a5322ea180b44004f4.jpg','koti','2015-07-16','5'),('best-casual-wear-for-men.jpg','koti','2015-07-16','4'),('spring-summer-fashion-for-men.jpg','koti','2015-07-16','4'),('0627_B99.jpg','satya','2015-07-16','5'),('4c2d603613cb3975bf40722bc881faab.jpg','satya','2015-07-16','3'),('9fa85d49070e73a5322ea180b44004f4.jpg','satya','2015-07-16','5'),('best-casual-wear-for-men.jpg','satya','2015-07-16','3'),('range-men-formal.jpg','satya','2015-07-16','5'),('spring-summer-fashion-for-men.jpg','satya','2015-07-16','4'),('0627_B99.jpg','clouds_fashions','2015-07-16','5'),('4c2d603613cb3975bf40722bc881faab.jpg','clouds_fashions','2015-07-16','3'),('9fa85d49070e73a5322ea180b44004f4.jpg','clouds_fashions','2015-07-16','2'),('best-casual-wear-for-men.jpg','clouds_fashions','2015-07-16','3'),('range-men-formal.jpg','clouds_fashions','2015-07-16','4'),('spring-summer-fashion-for-men.jpg','clouds_fashions','2015-07-16','4'),('0627_B99.jpg','Durga_fashions','2015-07-16','4'),('4c2d603613cb3975bf40722bc881faab.jpg','Durga_fashions','2015-07-16','3'),('9fa85d49070e73a5322ea180b44004f4.jpg','Durga_fashions','2015-07-16','5'),('spring-summer-fashion-for-men.jpg','Durga_fashions','2015-07-16','5'),('best-casual-wear-for-men.jpg','Durga_fashions','2015-07-16','4'),('range-men-formal.jpg','Durga_fashions','2015-07-16','4'),('0627_B99.jpg','koti','2015-07-16','3'),('4c2d603613cb3975bf40722bc881faab.jpg','koti','2015-07-16','4'),('9fa85d49070e73a5322ea180b44004f4.jpg','koti','2015-07-16','5'),('best-casual-wear-for-men.jpg','koti','2015-07-16','4'),('spring-summer-fashion-for-men.jpg','koti','2015-07-16','4'),('0627_B99.jpg','satya','2015-07-16','5'),('4c2d603613cb3975bf40722bc881faab.jpg','satya','2015-07-16','3'),('9fa85d49070e73a5322ea180b44004f4.jpg','satya','2015-07-16','5'),('best-casual-wear-for-men.jpg','satya','2015-07-16','3'),('range-men-formal.jpg','satya','2015-07-16','5'),('spring-summer-fashion-for-men.jpg','satya','2015-07-16','4'),('0627_B99.jpg','clouds_fashions','2015-07-16','5'),('4c2d603613cb3975bf40722bc881faab.jpg','clouds_fashions','2015-07-16','3'),('9fa85d49070e73a5322ea180b44004f4.jpg','clouds_fashions','2015-07-16','2'),('best-casual-wear-for-men.jpg','clouds_fashions','2015-07-16','3'),('range-men-formal.jpg','clouds_fashions','2015-07-16','4'),('spring-summer-fashion-for-men.jpg','clouds_fashions','2015-07-16','4'),('0627_B99.jpg','koti','2015-07-16','3'),('4c2d603613cb3975bf40722bc881faab.jpg','koti','2015-07-16','4'),('9fa85d49070e73a5322ea180b44004f4.jpg','koti','2015-07-16','5'),('best-casual-wear-for-men.jpg','koti','2015-07-16','4'),('spring-summer-fashion-for-men.jpg','koti','2015-07-16','4'),('0627_B99.jpg','satya','2015-07-16','5'),('4c2d603613cb3975bf40722bc881faab.jpg','satya','2015-07-16','3'),('9fa85d49070e73a5322ea180b44004f4.jpg','satya','2015-07-16','5'),('best-casual-wear-for-men.jpg','satya','2015-07-16','3'),('range-men-formal.jpg','satya','2015-07-16','5'),('spring-summer-fashion-for-men.jpg','satya','2015-07-16','4'),('0627_B99.jpg','clouds_fashions','2015-07-16','5'),('4c2d603613cb3975bf40722bc881faab.jpg','clouds_fashions','2015-07-16','3'),('9fa85d49070e73a5322ea180b44004f4.jpg','clouds_fashions','2015-07-16','2'),('best-casual-wear-for-men.jpg','clouds_fashions','2015-07-16','3'),('range-men-formal.jpg','clouds_fashions','2015-07-16','4'),('spring-summer-fashion-for-men.jpg','clouds_fashions','2015-07-16','4'),('0627_B99.jpg','koti','2015-07-16','3'),('4c2d603613cb3975bf40722bc881faab.jpg','koti','2015-07-16','4'),('9fa85d49070e73a5322ea180b44004f4.jpg','koti','2015-07-16','5'),('best-casual-wear-for-men.jpg','koti','2015-07-16','4'),('spring-summer-fashion-for-men.jpg','koti','2015-07-16','4'),('0627_B99.jpg','satya','2015-07-16','5'),('4c2d603613cb3975bf40722bc881faab.jpg','satya','2015-07-16','3'),('9fa85d49070e73a5322ea180b44004f4.jpg','satya','2015-07-16','5'),('best-casual-wear-for-men.jpg','satya','2015-07-16','3'),('range-men-formal.jpg','satya','2015-07-16','5'),('spring-summer-fashion-for-men.jpg','satya','2015-07-16','4'),('0627_B99.jpg','clouds_fashions','2015-07-16','5'),('4c2d603613cb3975bf40722bc881faab.jpg','clouds_fashions','2015-07-16','3'),('9fa85d49070e73a5322ea180b44004f4.jpg','clouds_fashions','2015-07-16','2'),('best-casual-wear-for-men.jpg','clouds_fashions','2015-07-16','3'),('range-men-formal.jpg','clouds_fashions','2015-07-16','4'),('spring-summer-fashion-for-men.jpg','clouds_fashions','2015-07-16','4'),('0627_B99.jpg','koti','2015-07-16','3'),('4c2d603613cb3975bf40722bc881faab.jpg','koti','2015-07-16','4'),('9fa85d49070e73a5322ea180b44004f4.jpg','koti','2015-07-16','5'),('best-casual-wear-for-men.jpg','koti','2015-07-16','4'),('spring-summer-fashion-for-men.jpg','koti','2015-07-16','4'),('0627_B99.jpg','satya','2015-07-16','5'),('4c2d603613cb3975bf40722bc881faab.jpg','satya','2015-07-16','3'),('9fa85d49070e73a5322ea180b44004f4.jpg','satya','2015-07-16','5'),('best-casual-wear-for-men.jpg','satya','2015-07-16','3'),('range-men-formal.jpg','satya','2015-07-16','5'),('spring-summer-fashion-for-men.jpg','satya','2015-07-16','4'),('0627_B99.jpg','clouds_fashions','2015-07-16','5'),('4c2d603613cb3975bf40722bc881faab.jpg','clouds_fashions','2015-07-16','3'),('9fa85d49070e73a5322ea180b44004f4.jpg','clouds_fashions','2015-07-16','2'),('best-casual-wear-for-men.jpg','clouds_fashions','2015-07-16','3'),('range-men-formal.jpg','clouds_fashions','2015-07-16','4'),('spring-summer-fashion-for-men.jpg','clouds_fashions','2015-07-16','4'),('0627_B99.jpg','Durga_fashions','2015-07-16','4'),('4c2d603613cb3975bf40722bc881faab.jpg','Durga_fashions','2015-07-16','3'),('9fa85d49070e73a5322ea180b44004f4.jpg','Durga_fashions','2015-07-16','5'),('spring-summer-fashion-for-men.jpg','Durga_fashions','2015-07-16','5'),('best-casual-wear-for-men.jpg','Durga_fashions','2015-07-16','4'),('range-men-formal.jpg','Durga_fashions','2015-07-16','4'),('0627_B99.jpg','koti','2015-07-16','3'),('4c2d603613cb3975bf40722bc881faab.jpg','koti','2015-07-16','4'),('9fa85d49070e73a5322ea180b44004f4.jpg','koti','2015-07-16','5'),('best-casual-wear-for-men.jpg','koti','2015-07-16','4'),('spring-summer-fashion-for-men.jpg','koti','2015-07-16','4'),('0627_B99.jpg','satya','2015-07-16','5'),('4c2d603613cb3975bf40722bc881faab.jpg','satya','2015-07-16','3'),('9fa85d49070e73a5322ea180b44004f4.jpg','satya','2015-07-16','5'),('best-casual-wear-for-men.jpg','satya','2015-07-16','3'),('range-men-formal.jpg','satya','2015-07-16','5'),('spring-summer-fashion-for-men.jpg','satya','2015-07-16','4'),('0627_B99.jpg','clouds_fashions','2015-07-16','5'),('4c2d603613cb3975bf40722bc881faab.jpg','clouds_fashions','2015-07-16','3'),('9fa85d49070e73a5322ea180b44004f4.jpg','clouds_fashions','2015-07-16','2'),('best-casual-wear-for-men.jpg','clouds_fashions','2015-07-16','3'),('range-men-formal.jpg','clouds_fashions','2015-07-16','4'),('spring-summer-fashion-for-men.jpg','clouds_fashions','2015-07-16','4'),('0627_B99.jpg','Durga_fashions','2015-07-16','4'),('4c2d603613cb3975bf40722bc881faab.jpg','Durga_fashions','2015-07-16','3'),('9fa85d49070e73a5322ea180b44004f4.jpg','Durga_fashions','2015-07-16','5'),('spring-summer-fashion-for-men.jpg','Durga_fashions','2015-07-16','5'),('best-casual-wear-for-men.jpg','Durga_fashions','2015-07-16','4'),('range-men-formal.jpg','Durga_fashions','2015-07-16','4'),('0627_B99.jpg','koti','2015-07-16','3'),('4c2d603613cb3975bf40722bc881faab.jpg','koti','2015-07-16','4'),('9fa85d49070e73a5322ea180b44004f4.jpg','koti','2015-07-16','5'),('best-casual-wear-for-men.jpg','koti','2015-07-16','4'),('spring-summer-fashion-for-men.jpg','koti','2015-07-16','4'),('0627_B99.jpg','satya','2015-07-16','5'),('4c2d603613cb3975bf40722bc881faab.jpg','satya','2015-07-16','3'),('9fa85d49070e73a5322ea180b44004f4.jpg','satya','2015-07-16','5'),('best-casual-wear-for-men.jpg','satya','2015-07-16','3'),('range-men-formal.jpg','satya','2015-07-16','5'),('spring-summer-fashion-for-men.jpg','satya','2015-07-16','4'),('0627_B99.jpg','clouds_fashions','2015-07-16','5'),('4c2d603613cb3975bf40722bc881faab.jpg','clouds_fashions','2015-07-16','3'),('9fa85d49070e73a5322ea180b44004f4.jpg','clouds_fashions','2015-07-16','2'),('best-casual-wear-for-men.jpg','clouds_fashions','2015-07-16','3'),('range-men-formal.jpg','clouds_fashions','2015-07-16','4'),('spring-summer-fashion-for-men.jpg','clouds_fashions','2015-07-16','4'),('0627_B99.jpg','Durga_fashions','2015-07-16','4'),('4c2d603613cb3975bf40722bc881faab.jpg','Durga_fashions','2015-07-16','3'),('9fa85d49070e73a5322ea180b44004f4.jpg','Durga_fashions','2015-07-16','5'),('spring-summer-fashion-for-men.jpg','Durga_fashions','2015-07-16','5'),('best-casual-wear-for-men.jpg','Durga_fashions','2015-07-16','4'),('range-men-formal.jpg','Durga_fashions','2015-07-16','4'),('0627_B99.jpg','koti','2015-07-16','3'),('4c2d603613cb3975bf40722bc881faab.jpg','koti','2015-07-16','4'),('9fa85d49070e73a5322ea180b44004f4.jpg','koti','2015-07-16','5'),('best-casual-wear-for-men.jpg','koti','2015-07-16','4'),('spring-summer-fashion-for-men.jpg','koti','2015-07-16','4'),('0627_B99.jpg','satya','2015-07-16','5'),('4c2d603613cb3975bf40722bc881faab.jpg','satya','2015-07-16','3'),('9fa85d49070e73a5322ea180b44004f4.jpg','satya','2015-07-16','5'),('best-casual-wear-for-men.jpg','satya','2015-07-16','3'),('range-men-formal.jpg','satya','2015-07-16','5'),('spring-summer-fashion-for-men.jpg','satya','2015-07-16','4'),('0627_B99.jpg','clouds_fashions','2015-07-16','5'),('4c2d603613cb3975bf40722bc881faab.jpg','clouds_fashions','2015-07-16','3'),('9fa85d49070e73a5322ea180b44004f4.jpg','clouds_fashions','2015-07-16','2'),('best-casual-wear-for-men.jpg','clouds_fashions','2015-07-16','3'),('range-men-formal.jpg','clouds_fashions','2015-07-16','4'),('spring-summer-fashion-for-men.jpg','clouds_fashions','2015-07-16','4'),('0627_B99.jpg','Durga_fashions','2015-07-16','4'),('4c2d603613cb3975bf40722bc881faab.jpg','Durga_fashions','2015-07-16','3'),('9fa85d49070e73a5322ea180b44004f4.jpg','Durga_fashions','2015-07-16','5'),('spring-summer-fashion-for-men.jpg','Durga_fashions','2015-07-16','5'),('best-casual-wear-for-men.jpg','Durga_fashions','2015-07-16','4'),('range-men-formal.jpg','Durga_fashions','2015-07-16','4'),('0627_B99.jpg','koti','2015-07-16','3'),('4c2d603613cb3975bf40722bc881faab.jpg','koti','2015-07-16','4'),('9fa85d49070e73a5322ea180b44004f4.jpg','koti','2015-07-16','5'),('best-casual-wear-for-men.jpg','koti','2015-07-16','4'),('spring-summer-fashion-for-men.jpg','koti','2015-07-16','4'),('0627_B99.jpg','satya','2015-07-16','5'),('4c2d603613cb3975bf40722bc881faab.jpg','satya','2015-07-16','3'),('9fa85d49070e73a5322ea180b44004f4.jpg','satya','2015-07-16','5'),('best-casual-wear-for-men.jpg','satya','2015-07-16','3'),('range-men-formal.jpg','satya','2015-07-16','5'),('spring-summer-fashion-for-men.jpg','satya','2015-07-16','4'),('0627_B99.jpg','clouds_fashions','2015-07-16','5'),('4c2d603613cb3975bf40722bc881faab.jpg','clouds_fashions','2015-07-16','3'),('9fa85d49070e73a5322ea180b44004f4.jpg','clouds_fashions','2015-07-16','2'),('best-casual-wear-for-men.jpg','clouds_fashions','2015-07-16','3'),('range-men-formal.jpg','clouds_fashions','2015-07-16','4'),('spring-summer-fashion-for-men.jpg','clouds_fashions','2015-07-16','4'),('0627_B99.jpg','Durga_fashions','2015-07-16','4'),('4c2d603613cb3975bf40722bc881faab.jpg','Durga_fashions','2015-07-16','3'),('9fa85d49070e73a5322ea180b44004f4.jpg','Durga_fashions','2015-07-16','5'),('spring-summer-fashion-for-men.jpg','Durga_fashions','2015-07-16','5'),('best-casual-wear-for-men.jpg','Durga_fashions','2015-07-16','4'),('range-men-formal.jpg','Durga_fashions','2015-07-16','4'),('0627_B99.jpg','koti','2015-07-16','3'),('4c2d603613cb3975bf40722bc881faab.jpg','koti','2015-07-16','4'),('9fa85d49070e73a5322ea180b44004f4.jpg','koti','2015-07-16','5'),('best-casual-wear-for-men.jpg','koti','2015-07-16','4'),('spring-summer-fashion-for-men.jpg','koti','2015-07-16','4'),('0627_B99.jpg','satya','2015-07-16','5'),('4c2d603613cb3975bf40722bc881faab.jpg','satya','2015-07-16','3'),('9fa85d49070e73a5322ea180b44004f4.jpg','satya','2015-07-16','5'),('best-casual-wear-for-men.jpg','satya','2015-07-16','3'),('range-men-formal.jpg','satya','2015-07-16','5'),('spring-summer-fashion-for-men.jpg','satya','2015-07-16','4'),('0627_B99.jpg','clouds_fashions','2015-07-16','5'),('4c2d603613cb3975bf40722bc881faab.jpg','clouds_fashions','2015-07-16','3'),('9fa85d49070e73a5322ea180b44004f4.jpg','clouds_fashions','2015-07-16','2'),('best-casual-wear-for-men.jpg','clouds_fashions','2015-07-16','3'),('range-men-formal.jpg','clouds_fashions','2015-07-16','4'),('spring-summer-fashion-for-men.jpg','clouds_fashions','2015-07-16','4'),('0627_B99.jpg','Durga_fashions','2015-07-16','4'),('4c2d603613cb3975bf40722bc881faab.jpg','Durga_fashions','2015-07-16','3'),('9fa85d49070e73a5322ea180b44004f4.jpg','Durga_fashions','2015-07-16','5'),('spring-summer-fashion-for-men.jpg','Durga_fashions','2015-07-16','5'),('best-casual-wear-for-men.jpg','Durga_fashions','2015-07-16','4'),('range-men-formal.jpg','Durga_fashions','2015-07-16','4'),('0627_B99.jpg','koti','2015-07-16','3'),('4c2d603613cb3975bf40722bc881faab.jpg','koti','2015-07-16','4'),('9fa85d49070e73a5322ea180b44004f4.jpg','koti','2015-07-16','5'),('best-casual-wear-for-men.jpg','koti','2015-07-16','4'),('spring-summer-fashion-for-men.jpg','koti','2015-07-16','4'),('0627_B99.jpg','satya','2015-07-16','5'),('4c2d603613cb3975bf40722bc881faab.jpg','satya','2015-07-16','3'),('9fa85d49070e73a5322ea180b44004f4.jpg','satya','2015-07-16','5'),('best-casual-wear-for-men.jpg','satya','2015-07-16','3'),('range-men-formal.jpg','satya','2015-07-16','5'),('spring-summer-fashion-for-men.jpg','satya','2015-07-16','4'),('0627_B99.jpg','clouds_fashions','2015-07-16','5'),('4c2d603613cb3975bf40722bc881faab.jpg','clouds_fashions','2015-07-16','3'),('9fa85d49070e73a5322ea180b44004f4.jpg','clouds_fashions','2015-07-16','2'),('best-casual-wear-for-men.jpg','clouds_fashions','2015-07-16','3'),('Men fashion style suit.jpg','clouds_fashions','2015-07-16','0'),('men__s_fashion__1___iv_by_alexander_frank-d4qe3sa.jpg','clouds_fashions','2015-07-16','4'),('range-men-formal.jpg','clouds_fashions','2015-07-16','4'),('spring-summer-fashion-for-men.jpg','clouds_fashions','2015-07-16','4'),('0627_B99.jpg','Durga_fashions','2015-07-16','4'),('4c2d603613cb3975bf40722bc881faab.jpg','Durga_fashions','2015-07-16','3'),('9fa85d49070e73a5322ea180b44004f4.jpg','Durga_fashions','2015-07-16','5'),('spring-summer-fashion-for-men.jpg','Durga_fashions','2015-07-16','5'),('best-casual-wear-for-men.jpg','Durga_fashions','2015-07-16','4'),('range-men-formal.jpg','Durga_fashions','2015-07-16','4'),('Men fashion style suit.jpg','Durga_fashions','2015-07-16','5'),('men__s_fashion__1___iv_by_alexander_frank-d4qe3sa.jpg','Durga_fashions','2015-07-16','5'),('0627_B99.jpg','koti','2015-07-16','3'),('4c2d603613cb3975bf40722bc881faab.jpg','koti','2015-07-16','4'),('9fa85d49070e73a5322ea180b44004f4.jpg','koti','2015-07-16','5'),('best-casual-wear-for-men.jpg','koti','2015-07-16','4'),('Men fashion style suit.jpg','koti','2015-07-16','4'),('men__s_fashion__1___iv_by_alexander_frank-d4qe3sa.jpg','koti','2015-07-16','5'),('range-men-formal.jpg','koti','2015-07-16','5'),('spring-summer-fashion-for-men.jpg','koti','2015-07-16','4'),('0627_B99.jpg','satya','2015-07-16','5'),('4c2d603613cb3975bf40722bc881faab.jpg','satya','2015-07-16','3'),('9fa85d49070e73a5322ea180b44004f4.jpg','satya','2015-07-16','5'),('best-casual-wear-for-men.jpg','satya','2015-07-16','3'),('range-men-formal.jpg','satya','2015-07-16','5'),('spring-summer-fashion-for-men.jpg','satya','2015-07-16','4'),('0627_B99.jpg','sivani_fashions','2015-07-16','4'),('4c2d603613cb3975bf40722bc881faab.jpg','sivani_fashions','2015-07-16','5'),('9fa85d49070e73a5322ea180b44004f4.jpg','sivani_fashions','2015-07-16','2'),('spring-summer-fashion-for-men.jpg','sivani_fashions','2015-07-16','1'),('best-casual-wear-for-men.jpg','sivani_fashions','2015-07-16','5'),('range-men-formal.jpg','sivani_fashions','2015-07-16','2'),('Men fashion style suit.jpg','sivani_fashions','2015-07-16','4'),('men__s_fashion__1___iv_by_alexander_frank-d4qe3sa.jpg','sivani_fashions','2015-07-16','5'),('0627_B99.jpg','clouds_fashions','2015-07-16','5'),('4c2d603613cb3975bf40722bc881faab.jpg','clouds_fashions','2015-07-16','3'),('9fa85d49070e73a5322ea180b44004f4.jpg','clouds_fashions','2015-07-16','2'),('best-casual-wear-for-men.jpg','clouds_fashions','2015-07-16','3'),('Men fashion style suit.jpg','clouds_fashions','2015-07-16','0'),('men__s_fashion__1___iv_by_alexander_frank-d4qe3sa.jpg','clouds_fashions','2015-07-16','4'),('range-men-formal.jpg','clouds_fashions','2015-07-16','4'),('spring-summer-fashion-for-men.jpg','clouds_fashions','2015-07-16','4'),('0627_B99.jpg','Durga_fashions','2015-07-16','4'),('4c2d603613cb3975bf40722bc881faab.jpg','Durga_fashions','2015-07-16','3'),('9fa85d49070e73a5322ea180b44004f4.jpg','Durga_fashions','2015-07-16','5'),('spring-summer-fashion-for-men.jpg','Durga_fashions','2015-07-16','5'),('best-casual-wear-for-men.jpg','Durga_fashions','2015-07-16','4'),('range-men-formal.jpg','Durga_fashions','2015-07-16','4'),('Men fashion style suit.jpg','Durga_fashions','2015-07-16','5'),('men__s_fashion__1___iv_by_alexander_frank-d4qe3sa.jpg','Durga_fashions','2015-07-16','5'),('0627_B99.jpg','koti','2015-07-16','3'),('4c2d603613cb3975bf40722bc881faab.jpg','koti','2015-07-16','4'),('9fa85d49070e73a5322ea180b44004f4.jpg','koti','2015-07-16','5'),('best-casual-wear-for-men.jpg','koti','2015-07-16','4'),('Men fashion style suit.jpg','koti','2015-07-16','4'),('men__s_fashion__1___iv_by_alexander_frank-d4qe3sa.jpg','koti','2015-07-16','5'),('range-men-formal.jpg','koti','2015-07-16','5'),('spring-summer-fashion-for-men.jpg','koti','2015-07-16','4'),('0627_B99.jpg','satya','2015-07-16','5'),('4c2d603613cb3975bf40722bc881faab.jpg','satya','2015-07-16','3'),('9fa85d49070e73a5322ea180b44004f4.jpg','satya','2015-07-16','5'),('best-casual-wear-for-men.jpg','satya','2015-07-16','3'),('range-men-formal.jpg','satya','2015-07-16','5'),('spring-summer-fashion-for-men.jpg','satya','2015-07-16','4'),('0627_B99.jpg','sivani_fashions','2015-07-16','4'),('4c2d603613cb3975bf40722bc881faab.jpg','sivani_fashions','2015-07-16','5'),('9fa85d49070e73a5322ea180b44004f4.jpg','sivani_fashions','2015-07-16','2'),('spring-summer-fashion-for-men.jpg','sivani_fashions','2015-07-16','1'),('best-casual-wear-for-men.jpg','sivani_fashions','2015-07-16','5'),('range-men-formal.jpg','sivani_fashions','2015-07-16','2'),('Men fashion style suit.jpg','sivani_fashions','2015-07-16','4'),('men__s_fashion__1___iv_by_alexander_frank-d4qe3sa.jpg','sivani_fashions','2015-07-16','5'),('0627_B99.jpg','clouds_fashions','2015-07-16','5'),('4c2d603613cb3975bf40722bc881faab.jpg','clouds_fashions','2015-07-16','3'),('9fa85d49070e73a5322ea180b44004f4.jpg','clouds_fashions','2015-07-16','2'),('best-casual-wear-for-men.jpg','clouds_fashions','2015-07-16','3'),('Men fashion style suit.jpg','clouds_fashions','2015-07-16','0'),('men__s_fashion__1___iv_by_alexander_frank-d4qe3sa.jpg','clouds_fashions','2015-07-16','4'),('range-men-formal.jpg','clouds_fashions','2015-07-16','4'),('spring-summer-fashion-for-men.jpg','clouds_fashions','2015-07-16','4'),('0627_B99.jpg','Durga_fashions','2015-07-16','4'),('4c2d603613cb3975bf40722bc881faab.jpg','Durga_fashions','2015-07-16','3'),('9fa85d49070e73a5322ea180b44004f4.jpg','Durga_fashions','2015-07-16','5'),('spring-summer-fashion-for-men.jpg','Durga_fashions','2015-07-16','5'),('best-casual-wear-for-men.jpg','Durga_fashions','2015-07-16','4'),('range-men-formal.jpg','Durga_fashions','2015-07-16','4'),('Men fashion style suit.jpg','Durga_fashions','2015-07-16','5'),('men__s_fashion__1___iv_by_alexander_frank-d4qe3sa.jpg','Durga_fashions','2015-07-16','5'),('0627_B99.jpg','koti','2015-07-16','3'),('4c2d603613cb3975bf40722bc881faab.jpg','koti','2015-07-16','4'),('9fa85d49070e73a5322ea180b44004f4.jpg','koti','2015-07-16','5'),('best-casual-wear-for-men.jpg','koti','2015-07-16','4'),('Men fashion style suit.jpg','koti','2015-07-16','4'),('men__s_fashion__1___iv_by_alexander_frank-d4qe3sa.jpg','koti','2015-07-16','5'),('range-men-formal.jpg','koti','2015-07-16','5'),('spring-summer-fashion-for-men.jpg','koti','2015-07-16','4'),('0627_B99.jpg','satya','2015-07-16','5'),('4c2d603613cb3975bf40722bc881faab.jpg','satya','2015-07-16','3'),('9fa85d49070e73a5322ea180b44004f4.jpg','satya','2015-07-16','5'),('best-casual-wear-for-men.jpg','satya','2015-07-16','3'),('range-men-formal.jpg','satya','2015-07-16','5'),('spring-summer-fashion-for-men.jpg','satya','2015-07-16','4'),('0627_B99.jpg','sivani_fashions','2015-07-16','4'),('4c2d603613cb3975bf40722bc881faab.jpg','sivani_fashions','2015-07-16','5'),('9fa85d49070e73a5322ea180b44004f4.jpg','sivani_fashions','2015-07-16','2'),('spring-summer-fashion-for-men.jpg','sivani_fashions','2015-07-16','1'),('best-casual-wear-for-men.jpg','sivani_fashions','2015-07-16','5'),('range-men-formal.jpg','sivani_fashions','2015-07-16','2'),('Men fashion style suit.jpg','sivani_fashions','2015-07-16','4'),('men__s_fashion__1___iv_by_alexander_frank-d4qe3sa.jpg','sivani_fashions','2015-07-16','5');

/*Table structure for table `satya` */

DROP TABLE IF EXISTS `satya`;

CREATE TABLE `satya` (
  `picname` varchar(500) NOT NULL DEFAULT '',
  `desname` varchar(40) DEFAULT NULL,
  `date` varchar(20) DEFAULT NULL,
  `rating` int(2) DEFAULT NULL,
  PRIMARY KEY (`picname`)
) ENGINE=InnoDB DEFAULT CHARSET=latin1;

/*Data for the table `satya` */

insert  into `satya`(`picname`,`desname`,`date`,`rating`) values ('0627_B99.jpg','bhanu','2015-07-16',5),('4c2d603613cb3975bf40722bc881faab.jpg','bhanu','2015-07-16',3),('9fa85d49070e73a5322ea180b44004f4.jpg','bhanu','2015-07-16',5),('best-casual-wear-for-men.jpg','Ravitej','2015-07-16',3),('range-men-formal.jpg','Ravitej','2015-07-16',5),('spring-summer-fashion-for-men.jpg','bhanu','2015-07-16',4);

/*Table structure for table `sivani_fashions` */

DROP TABLE IF EXISTS `sivani_fashions`;

CREATE TABLE `sivani_fashions` (
  `picname` varchar(4000) DEFAULT NULL,
  `desname` varchar(40) DEFAULT NULL,
  `date` varchar(20) DEFAULT NULL,
  `rating` int(2) DEFAULT NULL
) ENGINE=InnoDB DEFAULT CHARSET=latin1;

/*Data for the table `sivani_fashions` */

insert  into `sivani_fashions`(`picname`,`desname`,`date`,`rating`) values ('0627_B99.jpg','bhanu','2015-07-16',4),('4c2d603613cb3975bf40722bc881faab.jpg','bhanu','2015-07-16',5),('9fa85d49070e73a5322ea180b44004f4.jpg','bhanu','2015-07-16',2),('spring-summer-fashion-for-men.jpg','bhanu','2015-07-16',1),('best-casual-wear-for-men.jpg','Ravitej','2015-07-16',5),('range-men-formal.jpg','Ravitej','2015-07-16',2),('Men fashion style suit.jpg','swamy','2015-07-16',4),('men__s_fashion__1___iv_by_alexander_frank-d4qe3sa.jpg','swamy','2015-07-16',5);

/*Table structure for table `titans_fashio` */

DROP TABLE IF EXISTS `titans_fashio`;

CREATE TABLE `titans_fashio` (
  `picname` varchar(4000) DEFAULT NULL,
  `desname` varchar(40) DEFAULT NULL,
  `date` varchar(20) DEFAULT NULL,
  `rating` int(2) DEFAULT NULL
) ENGINE=InnoDB DEFAULT CHARSET=latin1;

/*Data for the table `titans_fashio` */

/*!40101 SET SQL_MODE=@OLD_SQL_MODE */;
/*!40014 SET FOREIGN_KEY_CHECKS=@OLD_FOREIGN_KEY_CHECKS */;
